{"cameraMode":{"drawMode":0,"name":"Shaded","section":"Shading Mode"},"sceneLighting":false,"audioPlay":false,"sceneViewState":{"m_AlwaysRefresh":false,"showFog":true,"showSkybox":false,"showFlares":true,"showImageEffects":true,"showParticleSystems":true,"showVisualEffectGraphs":true,"m_FxEnabled":true},"in2DMode":false,"pivot":{"x":-4.307859897613525,"y":0.08263996243476868,"z":-0.007830291986465454},"rotation":{"x":0.3635392487049103,"y":-0.4235042929649353,"z":0.1906518191099167,"w":0.8075510859489441},"size":0.23215721547603608,"orthographic":false}